"label","class"
"1","4"
"100","4"
"1000","6"
"10001","0"
"10003","3"
"10008","5"
"10009","6"
"10010","0"
"10011","1"
"10012","5"
"10013","2"
"10014","2"
"10017","5"
"10018","7"
"10019","7"
"10020","2"
"10021","2"
"10025","4"
"10026","4"
"10027","5"
"1003","2"
"10032","0"
"10033","0"
"10035","0"
"10038","3"
"1004","2"
"10040","0"
"10043","2"
"1005","2"
"10054","7"
"10055","7"
"10056","7"
"10057","7"
"10058","1"
"10060","1"
"10061","3"
"10073","4"
"10075","5"
"10080","2"
"10084","7"
"10085","7"
"10087","1"
"10089","5"
"10090","7"
"10092","0"
"10093","0"
"10094","4"
"10095","4"
"10096","5"
"10097","7"
"10098","7"
"10099","7"
"101","4"
"10100","7"
"10103","3"
"10106","0"
"10107","1"
"10109","4"
"1011","5"
"10111","6"
"10113","7"
"10114","0"
"10115","2"
"10116","2"
"10117","3"
"10119","5"
"10120","7"
"10126","4"
"10129","6"
"10132","7"
"10133","7"
"10136","1"
"10137","2"
"10142","6"
"10147","7"
"10148","7"
"10150","7"
"10151","7"
"10152","3"
"10153","6"
"10154","1"
"10157","4"
"10160","4"
"10161","4"
"10162","5"
"10164","7"
"10166","7"
"10167","0"
"10169","7"
"10170","1"
"10171","1"
"10175","4"
"10177","5"
"10182","5"
"10184","1"
"10185","3"
"10186","4"
"10187","5"
"1019","4"
"10190","1"
"10195","7"
"10197","7"
"10199","0"
"10200","0"
"10201","3"
"10202","7"
"10203","7"
"10204","3"
"10207","6"
"10208","7"
"10209","7"
"10210","0"
"10215","4"
"10219","7"
"1022","5"
"10220","0"
"10221","0"
"10223","4"
"10224","5"
"10227","3"
"1023","6"
"10232","7"
"10235","0"
"10236","1"
"10237","3"
"1024","7"
"10240","7"
"10241","0"
"10243","5"
"10246","1"
"1025","7"
"10255","4"
"10258","5"
"10259","6"
"1026","7"
"1027","0"
"1028","1"
"103","5"
"1032","6"
"1035","2"
"1036","2"
"1037","2"
"104","7"
"1041","4"
"1042","4"
"1043","5"
"1044","5"
"105","7"
"1051","4"
"1054","6"
"1057","2"
"1058","2"
"1059","2"
"106","7"
"1062","4"
"1064","5"
"1068","0"
"1069","0"
"1072","1"
"1078","1"
"1079","1"
"1080","2"
"1081","2"
"1086","4"
"1088","5"
"109","3"
"1091","7"
"1092","7"
"1094","1"
"1095","4"
"1096","4"
"1097","5"
"1098","7"
"1099","7"
"110","5"
"1101","5"
"1102","0"
"1103","1"
"1104","1"
"1105","5"
"1106","7"
"1107","7"
"1109","1"
"111","7"
"1110","7"
"1112","0"
"1113","3"
"1116","6"
"1117","7"
"1118","7"
"112","7"
"1120","2"
"1121","3"
"1122","4"
"1123","6"
"1124","7"
"1125","7"
"1129","6"
"113","7"
"1130","7"
"1131","7"
"1139","2"
"1140","2"
"1141","2"
"1145","4"
"1146","4"
"1148","5"
"115","0"
"1151","1"
"1159","7"
"116","3"
"1160","7"
"1161","4"
"1162","4"
"1163","6"
"1166","1"
"1167","3"
"1168","3"
"117","5"
"1170","4"
"1172","6"
"1174","7"
"1175","7"
"1176","1"
"1177","3"
"1179","4"
"118","7"
"1184","6"
"1185","0"
"1186","0"
"1188","6"
"119","7"
"1190","4"
"1191","5"
"1192","7"
"1193","7"
"1194","0"
"1195","2"
"1196","3"
"1199","5"
"120","0"
"1200","7"
"1201","7"
"1207","1"
"1208","3"
"121","3"
"1210","7"
"1215","7"
"1217","2"
"1218","4"
"1219","7"
"122","4"
"1220","7"
"1221","7"
"1222","0"
"1223","0"
"1225","3"
"1227","4"
"1228","4"
"123","5"
"1230","5"
"1232","0"
"1233","1"
"1235","3"
"1237","4"
"1239","5"
"124","6"
"1241","6"
"1242","7"
"1243","7"
"1244","7"
"1245","7"
"1247","3"
"1250","0"
"1251","1"
"1252","1"
"1253","2"
"1257","4"
"1259","5"
"1260","0"
"1261","1"
"1266","5"
"1267","6"
"1269","1"
"127","1"
"1270","1"
"1274","4"
"1275","4"
"1278","0"
"1279","2"
"128","1"
"1280","2"
"1281","3"
"1289","7"
"129","2"
"1290","7"
"1291","7"
"1292","7"
"1293","7"
"1294","7"
"1295","0"
"1296","1"
"1297","5"
"1298","4"
"1299","5"
"130","2"
"1300","7"
"1304","4"
"1306","7"
"1308","0"
"1310","3"
"1311","3"
"1314","7"
"1315","7"
"1318","1"
"1321","4"
"1322","4"
"1324","5"
"1331","7"
"1335","1"
"1336","1"
"1337","3"
"1342","4"
"1343","4"
"1346","7"
"1347","7"
"1348","7"
"135","4"
"1350","1"
"1351","3"
"1354","6"
"1355","7"
"1357","4"
"1358","7"
"1359","7"
"136","4"
"1362","1"
"1363","3"
"1366","6"
"1367","7"
"1369","0"
"1371","1"
"1374","7"
"1377","1"
"1383","4"
"1384","5"
"1387","3"
"1389","0"
"139","6"
"1390","0"
"1391","0"
"1394","3"
"1397","6"
"1399","7"
"140","7"
"1401","7"
"1402","0"
"1403","1"
"1404","3"
"1408","5"
"1409","3"
"141","7"
"1412","0"
"1413","2"
"1414","3"
"1416","4"
"1417","4"
"1419","5"
"142","1"
"1422","1"
"1423","2"
"1424","7"
"1425","7"
"1426","7"
"1427","7"
"1428","7"
"1429","7"
"143","4"
"1430","0"
"1431","1"
"1432","1"
"1437","4"
"144","4"
"1441","3"
"1444","7"
"1446","0"
"1447","0"
"1448","1"
"1449","2"
"145","5"
"1450","3"
"1451","3"
"1456","7"
"1458","0"
"1459","1"
"146","0"
"1461","3"
"1466","1"
"147","2"
"1470","6"
"1471","2"
"1472","4"
"1474","7"
"1475","7"
"1476","0"
"1477","3"
"1481","3"
"1482","5"
"1483","6"
"1486","2"
"1489","5"
"149","3"
"1491","7"
"1492","7"
"1493","0"
"1494","0"
"1496","1"
"1497","1"
"1499","2"
"15","4"
"1506","5"
"1510","0"
"1511","1"
"1512","1"
"1516","4"
"152","4"
"1521","0"
"1523","1"
"1532","0"
"1533","4"
"1535","2"
"1536","6"
"1538","7"
"154","5"
"1540","1"
"1541","3"
"1542","7"
"1543","7"
"1546","1"
"1547","1"
"155","6"
"1552","7"
"1553","0"
"1554","1"
"1555","0"
"1556","4"
"1557","4"
"1558","7"
"1559","7"
"1560","0"
"1565","2"
"1570","4"
"1571","5"
"1575","0"
"1576","3"
"1579","5"
"158","3"
"1582","1"
"1583","3"
"1588","0"
"1589","0"
"1595","2"
"1596","3"
"1598","5"
"16","4"
"160","4"
"1601","7"
"1602","0"
"1607","6"
"1608","7"
"1609","7"
"1611","1"
"1612","2"
"1613","2"
"1615","4"
"1619","3"
"162","6"
"1622","7"
"1624","7"
"1627","4"
"1629","0"
"1630","0"
"1631","0"
"1632","3"
"1633","5"
"1635","7"
"1636","7"
"1638","0"
"1639","1"
"1644","7"
"1645","0"
"1646","1"
"1647","1"
"165","7"
"1656","1"
"1657","0"
"1659","7"
"166","7"
"1661","0"
"1662","0"
"1663","3"
"1664","5"
"1665","0"
"1666","6"
"1668","7"
"1669","7"
"167","0"
"1671","4"
"1674","0"
"1675","0"
"1676","0"
"1679","0"
"1680","0"
"1682","3"
"1685","6"
"1686","7"
"169","1"
"1691","2"
"1692","2"
"1695","4"
"1696","4"
"1697","5"
"1699","5"
"1702","0"
"1703","1"
"1704","4"
"1705","7"
"1706","7"
"1709","0"
"171","5"
"1710","1"
"1711","1"
"1712","2"
"1717","0"
"1718","1"
"1719","1"
"172","1"
"1720","3"
"1721","7"
"1725","1"
"1726","6"
"1728","1"
"1729","1"
"173","3"
"1731","3"
"1735","6"
"1736","0"
"1737","0"
"1738","7"
"1744","3"
"1745","3"
"1746","6"
"1747","7"
"1748","0"
"1750","5"
"1752","0"
"1753","2"
"1755","3"
"1758","5"
"1759","0"
"176","7"
"1760","1"
"1762","2"
"1767","0"
"1769","3"
"177","7"
"1772","7"
"1773","7"
"1774","7"
"1775","0"
"1776","0"
"1777","0"
"1784","4"
"1785","4"
"1788","3"
"1789","3"
"179","3"
"1790","5"
"1791","0"
"1792","0"
"1798","0"
"1799","1"
"180","5"
"1802","4"
"1804","6"
"1805","0"
"1806","1"
"1808","7"
"1809","7"
"181","6"
"1810","7"
"1811","7"
"1812","7"
"1814","1"
"1818","6"
"1819","7"
"182","7"
"1820","7"
"1821","7"
"1822","0"
"1823","0"
"1824","1"
"1826","5"
"1827","0"
"1828","4"
"183","7"
"1830","7"
"1831","7"
"1833","0"
"1834","0"
"1835","4"
"1837","0"
"1839","0"
"1843","1"
"1846","4"
"1847","4"
"1849","5"
"185","4"
"1850","6"
"1851","0"
"1852","6"
"1853","1"
"1857","6"
"186","4"
"1861","1"
"1862","1"
"1863","2"
"1864","2"
"1867","4"
"1868","4"
"187","7"
"1870","5"
"1871","6"
"1874","4"
"1875","5"
"1876","6"
"1878","7"
"1879","0"
"1880","1"
"1881","1"
"1885","4"
"1888","6"
"189","1"
"1890","0"
"1891","0"
"1894","4"
"1895","4"
"1896","5"
"1897","6"
"1898","7"
"19","0"
"190","3"
"1900","7"
"1901","7"
"1902","0"
"1903","1"
"1905","2"
"1908","5"
"1910","6"
"1914","0"
"1916","1"
"1917","4"
"1918","0"
"1919","0"
"1920","1"
"1924","6"
"1925","4"
"1926","5"
"193","7"
"1930","4"
"1931","6"
"1933","7"
"1934","7"
"1935","1"
"1939","6"
"194","7"
"1941","0"
"1942","1"
"1943","4"
"1944","4"
"1947","5"
"1950","4"
"1951","4"
"1952","0"
"1956","3"
"1959","5"
"1960","6"
"1961","7"
"1963","0"
"1964","0"
"1965","0"
"1973","7"
"1975","1"
"1978","6"
"198","2"
"1980","0"
"1981","0"
"1982","1"
"1983","1"
"1985","7"
"1986","7"
"199","2"
"1990","1"
"1991","3"
"1994","0"
"1995","1"
"20","1"
"2000","2"
"2004","4"
"2005","4"
"2006","5"
"2011","1"
"2016","7"
"2017","7"
"2019","7"
"202","4"
"2020","0"
"2021","1"
"2022","1"
"2023","2"
"2029","1"
"203","4"
"2030","1"
"2031","2"
"2037","4"
"2038","4"
"204","5"
"2041","7"
"2043","0"
"2045","4"
"2046","0"
"2051","5"
"2052","6"
"2055","0"
"2056","3"
"2059","7"
"2060","7"
"2061","7"
"2062","7"
"2064","1"
"2071","6"
"2074","1"
"2075","1"
"2081","1"
"2082","3"
"2087","0"
"2088","1"
"2089","1"
"2092","4"
"2093","6"
"2094","0"
"2095","1"
"2096","1"
"2098","2"
"21","3"
"210","5"
"2101","4"
"2103","6"
"2104","0"
"2105","0"
"2106","4"
"2107","5"
"2109","4"
"211","6"
"2110","4"
"2112","6"
"2113","7"
"2115","0"
"2116","0"
"212","7"
"2120","6"
"2121","7"
"2124","0"
"2125","1"
"2126","1"
"213","7"
"2132","4"
"2136","6"
"2137","0"
"2138","3"
"2141","7"
"2142","7"
"2144","7"
"2145","0"
"2146","1"
"2147","1"
"2149","1"
"215","1"
"2156","5"
"216","1"
"2161","3"
"2162","3"
"2163","6"
"2164","7"
"2165","4"
"2166","4"
"2170","2"
"2172","2"
"2176","4"
"218","7"
"2181","1"
"2182","1"
"2188","4"
"2189","5"
"2190","5"
"2192","6"
"2196","2"
"2198","3"
"2199","4"
"2201","6"
"2204","3"
"2205","7"
"2206","7"
"221","3"
"2218","4"
"2222","1"
"2226","7"
"2227","7"
"2228","1"
"2229","3"
"223","4"
"2230","4"
"2231","4"
"2234","7"
"2235","7"
"2237","1"
"2238","1"
"224","4"
"2242","4"
"2245","6"
"2247","3"
"2249","5"
"2250","6"
"2251","7"
"2252","7"
"2255","2"
"2261","4"
"2264","5"
"2268","2"
"2269","4"
"2270","7"
"2275","7"
"2276","7"
"2278","0"
"2279","3"
"228","0"
"2280","0"
"2281","5"
"2282","6"
"2289","0"
"2290","7"
"2292","0"
"2293","1"
"2294","1"
"2298","4"
"2299","4"
"23","5"
"230","2"
"2302","5"
"2303","6"
"2305","0"
"2306","1"
"2307","2"
"231","3"
"2312","4"
"2313","4"
"2315","5"
"232","4"
"2321","3"
"2327","5"
"233","5"
"2330","6"
"2334","0"
"2336","1"
"2337","2"
"2339","3"
"234","7"
"2340","4"
"2341","5"
"2343","6"
"2346","7"
"2348","1"
"235","7"
"2351","3"
"2353","4"
"2354","4"
"2356","5"
"2357","3"
"2358","4"
"236","3"
"2360","5"
"2362","1"
"2370","0"
"2371","0"
"2372","0"
"2375","4"
"2377","1"
"238","4"
"2381","7"
"2382","7"
"2383","0"
"2385","4"
"2386","4"
"239","4"
"2390","0"
"2391","0"
"2392","4"
"2393","4"
"2394","0"
"2395","0"
"2396","1"
"2398","2"
"240","5"
"2402","4"
"2404","5"
"2407","7"
"2408","7"
"2409","2"
"2410","4"
"2411","7"
"2412","7"
"2413","7"
"2414","7"
"2415","7"
"2417","7"
"2418","4"
"2419","4"
"242","7"
"2420","5"
"2422","1"
"2424","2"
"2425","4"
"2427","5"
"2429","7"
"243","7"
"2430","7"
"2434","3"
"2437","6"
"2438","7"
"2439","7"
"244","0"
"2441","1"
"2442","1"
"2444","3"
"245","3"
"2451","2"
"2454","5"
"2457","0"
"2458","3"
"2461","5"
"2462","7"
"2463","7"
"2465","7"
"2466","7"
"2468","1"
"247","4"
"2470","2"
"2473","4"
"2475","5"
"2479","0"
"2480","2"
"2481","1"
"2482","1"
"2488","6"
"2491","1"
"2492","3"
"2495","6"
"2498","0"
"250","6"
"2508","4"
"2509","7"
"251","7"
"2510","7"
"2511","7"
"2512","7"
"2514","1"
"2517","7"
"2518","7"
"2519","7"
"2521","1"
"2522","2"
"2523","2"
"2526","4"
"2528","5"
"253","7"
"2530","7"
"2531","7"
"2532","0"
"2533","3"
"2534","4"
"2535","4"
"2537","7"
"254","7"
"2540","7"
"2541","3"
"2542","5"
"2544","1"
"2552","6"
"2554","7"
"2559","6"
"2560","0"
"2562","7"
"2564","7"
"2565","7"
"2566","0"
"2567","1"
"2569","3"
"257","3"
"2572","0"
"2575","4"
"2576","5"
"2578","1"
"2579","2"
"2580","2"
"2581","2"
"2582","3"
"2583","3"
"2584","4"
"2585","4"
"2586","5"
"2587","5"
"2588","5"
"2589","6"
"2590","3"
"2593","0"
"2594","1"
"2595","1"
"2596","2"
"2598","2"
"2599","3"
"260","7"
"2600","3"
"2601","3"
"2602","3"
"2603","4"
"2604","4"
"2605","5"
"2606","5"
"2607","5"
"2608","5"
"261","7"
"2610","7"
"2612","0"
"2613","1"
"262","7"
"2620","7"
"2622","7"
"2623","7"
"2625","1"
"263","4"
"2630","4"
"2632","6"
"2635","1"
"2639","4"
"264","4"
"2640","4"
"2643","1"
"2644","1"
"2645","3"
"2648","6"
"265","3"
"2657","1"
"2659","4"
"266","3"
"2660","4"
"2662","2"
"2664","5"
"2665","7"
"2666","7"
"2668","1"
"2669","1"
"267","5"
"2673","5"
"2674","6"
"2675","0"
"2676","0"
"2677","0"
"2678","5"
"2679","7"
"268","0"
"2680","0"
"2681","0"
"2682","1"
"2683","1"
"2684","2"
"2689","0"
"2690","0"
"2691","1"
"2693","3"
"2696","6"
"2697","7"
"2698","7"
"2699","4"
"27","4"
"270","5"
"2702","4"
"2703","5"
"2705","7"
"271","6"
"2710","7"
"2711","7"
"2712","7"
"2713","1"
"2715","2"
"2719","4"
"272","7"
"2720","4"
"2722","5"
"2725","6"
"2728","0"
"2729","2"
"273","7"
"2735","7"
"2736","7"
"2737","7"
"2738","7"
"2739","0"
"2741","2"
"2742","4"
"2743","4"
"2744","5"
"2746","7"
"2747","7"
"2748","0"
"2749","1"
"2750","2"
"2757","4"
"2758","4"
"2759","5"
"276","3"
"2761","7"
"2762","7"
"2763","7"
"2764","7"
"2766","7"
"2768","2"
"2771","4"
"2772","5"
"2774","7"
"2776","4"
"2777","4"
"2784","7"
"2785","7"
"2786","0"
"2788","4"
"2789","5"
"279","5"
"2791","4"
"2792","5"
"2794","7"
"2796","0"
"2798","2"
"2799","2"
"2804","4"
"2806","7"
"2808","3"
"2809","5"
"2813","2"
"2819","7"
"2820","7"
"2821","7"
"2823","1"
"2828","4"
"2829","5"
"283","1"
"2841","7"
"2842","7"
"2844","3"
"2846","5"
"2847","5"
"2848","7"
"2851","3"
"2855","7"
"2856","7"
"2857","7"
"2858","5"
"2859","1"
"2860","1"
"2866","4"
"2868","5"
"2876","5"
"2878","6"
"2880","1"
"2883","7"
"2884","7"
"2885","0"
"2887","4"
"2889","5"
"2891","7"
"2892","0"
"2893","0"
"2894","3"
"2895","5"
"2896","6"
"2899","7"
"2906","4"
"2911","2"
"2914","5"
"2916","7"
"2917","7"
"2918","1"
"292","5"
"2920","3"
"2922","4"
"2924","5"
"2927","0"
"2929","0"
"293","5"
"2931","1"
"2932","2"
"2935","4"
"2938","7"
"2939","7"
"2941","1"
"2947","4"
"2952","3"
"2953","1"
"2954","1"
"2957","4"
"2959","6"
"296","0"
"2961","1"
"2965","2"
"2968","4"
"2969","4"
"297","0"
"2971","5"
"2973","1"
"2974","2"
"2978","6"
"298","4"
"2982","6"
"2984","7"
"2985","7"
"2986","7"
"2988","1"
"2990","2"
"2997","4"
"2998","4"
"300","0"
"3004","2"
"3005","2"
"3009","7"
"301","4"
"3010","7"
"3011","0"
"3012","4"
"3014","0"
"3015","4"
"3017","7"
"3018","7"
"3019","7"
"302","4"
"3021","1"
"3022","2"
"3029","7"
"3030","7"
"3031","7"
"3035","3"
"3036","5"
"3037","1"
"304","6"
"3042","0"
"3043","2"
"3044","4"
"3046","5"
"3049","1"
"3052","4"
"3053","4"
"3056","0"
"3057","1"
"3058","1"
"3061","4"
"3063","5"
"3069","4"
"3070","4"
"3076","1"
"3082","4"
"3085","5"
"3086","5"
"3089","5"
"309","1"
"3090","6"
"3091","2"
"3092","4"
"3094","7"
"3095","7"
"3097","7"
"3098","7"
"3099","0"
"3100","7"
"3101","1"
"3109","6"
"3110","0"
"3111","1"
"3112","1"
"3113","2"
"3118","7"
"3119","7"
"3120","0"
"3122","1"
"3126","7"
"3127","7"
"3131","4"
"3132","6"
"3133","0"
"3134","1"
"3139","4"
"3140","4"
"3142","5"
"3145","7"
"3146","1"
"3147","1"
"315","4"
"3150","4"
"3152","6"
"3153","7"
"3154","7"
"3155","0"
"3156","1"
"316","4"
"3167","0"
"3168","0"
"3169","0"
"3172","6"
"3173","7"
"3175","0"
"3177","1"
"3178","1"
"3179","3"
"318","5"
"3182","0"
"3185","2"
"3186","2"
"3191","4"
"3192","4"
"3195","5"
"3196","0"
"3197","1"
"3198","7"
"3201","4"
"3203","7"
"3204","7"
"3205","1"
"3206","3"
"3212","2"
"3219","5"
"322","1"
"3225","0"
"3226","1"
"3228","4"
"3229","4"
"3230","5"
"3232","7"
"3234","3"
"3236","3"
"3237","0"
"3239","3"
"3240","3"
"3241","5"
"3242","7"
"3243","0"
"3244","0"
"3248","5"
"3249","0"
"325","6"
"3250","2"
"3256","7"
"3258","0"
"3259","1"
"326","5"
"3260","3"
"3263","2"
"3265","2"
"3269","4"
"3274","0"
"3275","1"
"3278","4"
"3279","4"
"328","2"
"3284","5"
"3285","1"
"3289","5"
"3290","1"
"3292","7"
"3293","7"
"3294","7"
"3295","0"
"3296","1"
"3297","7"
"3300","0"
"3301","1"
"3308","4"
"3309","5"
"3313","7"
"3315","0"
"3319","1"
"332","6"
"3320","0"
"3322","1"
"3323","5"
"3324","1"
"3325","3"
"3326","3"
"3327","5"
"3328","0"
"3329","1"
"333","0"
"3330","3"
"3333","2"
"3334","7"
"3335","7"
"3336","0"
"3337","0"
"334","1"
"3340","3"
"3347","2"
"335","1"
"3351","4"
"3352","4"
"3356","2"
"3357","2"
"3358","3"
"3359","4"
"3360","5"
"3361","6"
"3364","7"
"3367","1"
"3369","2"
"3375","4"
"3376","4"
"3378","5"
"3379","0"
"3382","4"
"3386","7"
"3387","1"
"3388","2"
"339","6"
"3390","3"
"3394","6"
"3395","7"
"3396","1"
"3397","2"
"3398","4"
"34","4"
"340","0"
"3400","7"
"3402","1"
"3403","1"
"3404","4"
"3405","4"
"3407","7"
"3408","7"
"341","2"
"3411","1"
"3412","5"
"3414","7"
"3415","0"
"3417","3"
"3420","6"
"3422","0"
"3427","4"
"3433","0"
"3434","1"
"3436","3"
"3438","6"
"3439","6"
"344","4"
"3441","7"
"3442","7"
"3444","1"
"3445","1"
"3453","7"
"3455","0"
"3457","5"
"3462","2"
"3464","7"
"3465","7"
"3466","7"
"3470","5"
"3472","0"
"3474","1"
"3478","1"
"348","1"
"3481","4"
"3484","2"
"3485","4"
"3489","7"
"349","2"
"3490","7"
"3491","7"
"3492","7"
"3494","1"
"3495","1"
"3499","5"
"35","6"
"3501","7"
"3503","0"
"3505","5"
"3506","7"
"3508","2"
"3509","3"
"3515","7"
"3519","2"
"3523","4"
"3524","5"
"3525","5"
"3529","0"
"353","4"
"3530","4"
"3531","4"
"3532","5"
"3533","6"
"3534","0"
"3535","1"
"3536","1"
"354","4"
"3544","0"
"3546","0"
"355","5"
"3555","7"
"3557","0"
"3558","2"
"3559","2"
"3560","4"
"3563","6"
"3564","7"
"3565","7"
"3567","0"
"3568","1"
"3569","1"
"3573","3"
"3575","5"
"3577","0"
"3578","5"
"3579","0"
"358","0"
"3580","1"
"3585","1"
"3586","7"
"359","0"
"3591","2"
"3598","4"
"3599","4"
"36","7"
"360","4"
"3600","5"
"3603","5"
"3608","0"
"361","0"
"3610","1"
"3615","4"
"3616","4"
"3618","5"
"3620","7"
"3621","7"
"3622","7"
"3623","7"
"3625","4"
"3627","6"
"3629","7"
"363","4"
"3630","7"
"3632","2"
"3633","3"
"3635","5"
"3636","5"
"3639","7"
"364","5"
"3640","0"
"3644","0"
"3645","1"
"3646","3"
"3649","6"
"365","7"
"3650","0"
"3654","2"
"3655","2"
"3658","4"
"3659","4"
"366","7"
"3660","5"
"3662","6"
"3664","0"
"3665","0"
"367","0"
"3670","1"
"3674","0"
"3675","0"
"3676","0"
"3677","1"
"3678","2"
"3679","2"
"368","1"
"3681","4"
"3682","5"
"3684","7"
"3690","7"
"3692","7"
"3693","7"
"3694","0"
"3697","2"
"3703","6"
"3705","4"
"3706","6"
"3707","7"
"3708","1"
"3709","3"
"3711","5"
"3712","1"
"3719","4"
"3721","5"
"3724","7"
"3725","7"
"3726","0"
"3727","4"
"3729","7"
"373","4"
"3732","2"
"3733","3"
"3734","6"
"3736","7"
"3737","7"
"3739","1"
"374","4"
"3741","3"
"3747","6"
"3748","0"
"3749","2"
"3755","7"
"3756","7"
"3757","7"
"3758","0"
"3759","0"
"376","5"
"3765","7"
"3766","7"
"3767","7"
"3768","7"
"3769","1"
"3770","1"
"3771","4"
"3772","4"
"3773","6"
"3775","0"
"3776","6"
"3777","4"
"3778","5"
"3779","6"
"3785","6"
"3786","7"
"3787","1"
"3788","3"
"3791","7"
"3792","7"
"3793","1"
"3794","1"
"3796","1"
"3797","3"
"3801","7"
"3804","4"
"3806","0"
"3808","1"
"3810","1"
"3811","3"
"3816","4"
"382","1"
"3821","0"
"3823","0"
"3824","2"
"3825","2"
"383","3"
"3830","1"
"3831","0"
"3832","0"
"3843","1"
"3845","3"
"3848","4"
"3849","4"
"3850","5"
"3853","1"
"3857","4"
"3861","7"
"3862","7"
"3863","7"
"3867","1"
"3872","2"
"3873","2"
"3877","4"
"3878","4"
"3881","5"
"3883","0"
"3884","6"
"3885","0"
"3886","4"
"3887","5"
"3888","7"
"3889","7"
"389","7"
"3891","0"
"3892","0"
"3894","5"
"3895","7"
"3896","7"
"3899","3"
"390","0"
"3905","2"
"3906","2"
"391","5"
"3911","4"
"3912","4"
"392","7"
"3923","4"
"3924","4"
"3927","5"
"3929","0"
"393","7"
"3930","4"
"3931","5"
"3932","0"
"3936","5"
"394","0"
"3940","1"
"3941","1"
"395","1"
"3952","0"
"3953","4"
"396","2"
"3963","7"
"3964","7"
"3965","3"
"3966","3"
"3967","5"
"3968","0"
"3969","1"
"397","2"
"3970","1"
"3971","3"
"3974","0"
"3975","1"
"3976","3"
"3979","1"
"3983","6"
"3984","7"
"3985","7"
"399","4"
"3996","2"
"3997","3"
"3998","4"
"3999","5"
"4","7"
"4001","0"
"4002","0"
"4003","0"
"4004","0"
"4006","4"
"4007","4"
"4008","5"
"4009","6"
"4010","7"
"4011","7"
"4012","1"
"4016","6"
"4017","0"
"4018","3"
"4021","6"
"4022","7"
"4023","7"
"4026","3"
"4030","7"
"4031","0"
"4032","1"
"4033","2"
"4037","4"
"4038","5"
"4039","5"
"404","0"
"4046","1"
"4047","2"
"4048","2"
"405","1"
"4053","7"
"4054","7"
"4055","7"
"4057","0"
"4058","0"
"4059","5"
"406","1"
"4061","1"
"4068","7"
"4069","0"
"407","2"
"4070","2"
"4072","2"
"4073","3"
"4074","4"
"4075","5"
"4076","6"
"4079","3"
"408","2"
"4080","3"
"4081","5"
"4083","1"
"4084","2"
"4085","2"
"4086","3"
"4088","4"
"4090","6"
"4091","7"
"4094","3"
"4097","1"
"4098","1"
"4103","0"
"4104","4"
"4107","7"
"4108","7"
"4110","0"
"4112","5"
"4114","4"
"4116","6"
"4117","7"
"4119","1"
"412","6"
"4120","1"
"4123","3"
"4127","6"
"4128","0"
"4129","5"
"413","0"
"4130","0"
"4131","1"
"4132","3"
"4136","0"
"4137","0"
"4142","6"
"4144","7"
"4146","2"
"4149","5"
"4155","0"
"4156","1"
"4157","1"
"4158","4"
"4159","5"
"416","2"
"4160","5"
"4161","6"
"4166","4"
"4167","4"
"4168","5"
"417","2"
"4172","7"
"4173","7"
"4174","0"
"4175","1"
"4176","1"
"4181","4"
"4183","5"
"4190","2"
"4196","7"
"4197","7"
"4198","5"
"4199","0"
"4200","3"
"4201","4"
"4202","4"
"4203","5"
"4205","7"
"4206","7"
"4208","7"
"4212","1"
"4213","1"
"4214","3"
"4215","3"
"4218","5"
"4220","6"
"4221","0"
"4224","2"
"423","4"
"4231","4"
"4232","4"
"4239","7"
"424","5"
"4241","4"
"4243","7"
"4245","2"
"4248","7"
"4249","7"
"4258","4"
"4260","5"
"4261","6"
"4264","7"
"4265","0"
"4267","4"
"4271","7"
"4272","7"
"4273","7"
"4274","4"
"4275","0"
"4276","0"
"4277","0"
"4278","3"
"4279","4"
"428","6"
"4280","5"
"4283","4"
"4284","5"
"4286","5"
"4287","1"
"4288","1"
"4296","0"
"4297","1"
"4298","7"
"4299","7"
"4300","1"
"4303","4"
"4305","5"
"4306","6"
"4307","0"
"4310","7"
"4311","4"
"4312","0"
"4313","0"
"4314","0"
"4318","4"
"4319","4"
"4322","7"
"4324","7"
"4325","7"
"4326","0"
"4328","2"
"433","2"
"4333","6"
"4334","7"
"4335","7"
"4339","4"
"434","2"
"4343","0"
"4344","1"
"4346","3"
"4349","0"
"4351","3"
"4353","5"
"4354","0"
"4356","0"
"4357","1"
"4364","4"
"4365","5"
"4367","0"
"4368","0"
"4369","1"
"4370","1"
"4373","0"
"4374","1"
"4375","1"
"4376","2"
"438","7"
"4381","4"
"4383","0"
"4384","3"
"4385","3"
"4386","4"
"4387","4"
"4389","7"
"439","7"
"4393","2"
"4398","4"
"4399","5"
"44","3"
"440","0"
"4402","0"
"4403","1"
"4404","1"
"441","4"
"4411","0"
"4412","1"
"4420","4"
"4421","4"
"4422","5"
"4426","7"
"4427","7"
"4428","0"
"4429","2"
"443","1"
"4431","4"
"4433","6"
"4436","7"
"4440","6"
"4444","0"
"4446","1"
"4447","5"
"4448","5"
"4452","3"
"4453","3"
"4457","0"
"4458","2"
"4464","7"
"4465","0"
"4466","1"
"4468","2"
"4470","4"
"4473","7"
"4474","0"
"4475","0"
"4476","1"
"4477","1"
"4482","1"
"4483","3"
"4486","0"
"4487","3"
"4494","1"
"4498","7"
"45","0"
"4500","7"
"4501","7"
"4502","0"
"4504","7"
"4505","7"
"4509","2"
"451","6"
"4511","3"
"4514","5"
"4516","6"
"4517","7"
"4518","7"
"452","0"
"4522","1"
"4524","3"
"4527","4"
"4528","4"
"4529","5"
"453","1"
"4531","5"
"4534","0"
"4538","2"
"4539","2"
"4543","6"
"4544","0"
"4546","6"
"4547","0"
"4548","0"
"4552","0"
"4553","2"
"4554","2"
"4555","4"
"4556","5"
"4557","7"
"4558","7"
"456","6"
"4566","5"
"4568","6"
"457","7"
"4570","0"
"4571","0"
"4572","4"
"4573","4"
"4574","5"
"4575","0"
"4578","3"
"458","7"
"4580","4"
"4581","5"
"4582","7"
"4584","2"
"4585","4"
"4587","7"
"4588","7"
"4589","7"
"459","7"
"4590","7"
"4591","7"
"4592","0"
"4594","1"
"4595","2"
"4599","4"
"46","0"
"4601","5"
"4604","0"
"4605","1"
"4609","4"
"4611","5"
"4614","7"
"4615","7"
"4616","0"
"4618","1"
"4624","6"
"4625","0"
"4626","1"
"4627","7"
"4628","7"
"4629","7"
"4630","7"
"4631","7"
"4633","2"
"4635","4"
"4637","6"
"4638","6"
"4639","7"
"464","0"
"4642","0"
"4644","7"
"4645","7"
"4646","1"
"4649","6"
"465","1"
"4653","7"
"4654","7"
"4655","3"
"4656","3"
"4657","5"
"4659","1"
"466","3"
"4663","4"
"4664","4"
"4665","5"
"4667","1"
"4668","2"
"4669","3"
"4670","6"
"4672","7"
"4673","7"
"4674","0"
"4676","2"
"4677","3"
"4678","3"
"4682","6"
"4684","7"
"4687","7"
"4688","0"
"4689","0"
"469","7"
"4690","4"
"4691","5"
"4694","1"
"4695","3"
"4699","7"
"470","7"
"4700","0"
"4701","1"
"4702","1"
"4703","2"
"471","0"
"4711","3"
"4712","5"
"4714","7"
"4715","7"
"4716","3"
"4720","1"
"4721","3"
"4724","7"
"473","2"
"4731","0"
"4732","1"
"4733","3"
"4736","6"
"4737","7"
"4738","0"
"4739","0"
"474","2"
"4740","1"
"4741","1"
"4744","0"
"4745","1"
"4747","5"
"4748","7"
"4749","7"
"4750","7"
"4751","2"
"4752","2"
"4755","4"
"4756","5"
"4758","0"
"4759","5"
"4762","1"
"4763","3"
"4767","7"
"477","4"
"4770","3"
"4773","3"
"4774","6"
"4775","7"
"4776","7"
"4777","1"
"4778","1"
"478","4"
"4783","4"
"4784","4"
"4790","0"
"4791","1"
"4792","3"
"4795","6"
"4796","7"
"4797","0"
"480","7"
"4801","7"
"4803","1"
"4804","3"
"4805","3"
"4810","7"
"4812","7"
"4813","7"
"4814","2"
"4815","2"
"4817","5"
"4819","7"
"4821","0"
"4826","4"
"4829","7"
"4831","0"
"4832","7"
"4833","7"
"4834","0"
"4835","2"
"4837","3"
"484","4"
"4845","3"
"4847","5"
"4849","6"
"485","5"
"4851","4"
"4852","4"
"4854","0"
"4858","1"
"486","6"
"4864","7"
"4865","7"
"4866","7"
"4867","0"
"4868","1"
"4874","2"
"4875","2"
"4880","4"
"4882","5"
"4887","2"
"4888","2"
"4893","4"
"4894","4"
"4896","5"
"490","0"
"4901","1"
"4904","3"
"4907","4"
"4909","5"
"491","6"
"4910","6"
"4913","7"
"4915","2"
"4916","3"
"492","1"
"4921","0"
"4922","1"
"4923","2"
"4924","2"
"4926","7"
"4928","7"
"493","3"
"4932","1"
"4933","1"
"4940","3"
"4943","7"
"4945","2"
"4949","4"
"4950","5"
"4951","5"
"4955","0"
"4956","5"
"4958","1"
"496","7"
"4960","2"
"4961","2"
"4965","6"
"4968","5"
"4971","1"
"4972","1"
"4977","4"
"4978","4"
"4984","2"
"4985","3"
"4986","3"
"4988","5"
"4989","7"
"4993","7"
"4994","0"
"4995","1"
"4996","3"
"4999","7"
"500","3"
"5000","7"
"5001","7"
"5004","7"
"5006","1"
"5008","7"
"5010","7"
"5011","7"
"5012","7"
"5014","0"
"5016","1"
"5018","3"
"502","5"
"5023","3"
"5026","0"
"5027","1"
"5028","1"
"5032","1"
"5035","4"
"5037","5"
"5038","6"
"5039","0"
"504","7"
"5041","3"
"5044","7"
"5045","7"
"5048","4"
"5050","0"
"5051","0"
"5054","0"
"5055","4"
"5057","6"
"5061","7"
"5062","7"
"5063","0"
"5065","2"
"5066","2"
"5068","4"
"5070","0"
"5071","1"
"5072","1"
"508","3"
"5083","1"
"5088","4"
"5089","5"
"5093","0"
"5095","2"
"5097","7"
"5098","7"
"5099","7"
"5101","7"
"5102","0"
"5103","1"
"5104","1"
"5107","7"
"5108","7"
"5109","7"
"5110","0"
"5111","0"
"5112","4"
"5113","4"
"5116","3"
"5117","5"
"5118","7"
"5119","7"
"512","5"
"5120","7"
"5121","7"
"5123","1"
"5128","4"
"5129","4"
"5130","5"
"5133","0"
"5135","1"
"5138","4"
"5149","2"
"515","0"
"5151","4"
"5153","5"
"5155","6"
"5158","1"
"516","1"
"5165","4"
"5167","7"
"5168","0"
"5169","2"
"5175","7"
"5176","0"
"518","3"
"5180","2"
"5187","5"
"5193","0"
"5195","2"
"52","7"
"5204","0"
"5205","3"
"5206","3"
"5207","6"
"5209","7"
"521","7"
"5210","0"
"5211","1"
"5212","3"
"5217","1"
"5218","1"
"5225","6"
"5229","2"
"523","0"
"5237","4"
"5238","5"
"5243","1"
"5244","2"
"5246","4"
"5247","7"
"5248","7"
"5249","7"
"525","4"
"5250","7"
"5252","0"
"5255","3"
"5258","7"
"5259","0"
"526","7"
"5260","3"
"5263","7"
"5264","7"
"5265","7"
"5266","1"
"5267","2"
"5268","2"
"5273","7"
"5275","7"
"5277","1"
"5278","1"
"528","5"
"5286","7"
"5287","7"
"5289","1"
"529","6"
"5290","3"
"5291","3"
"5292","3"
"5296","6"
"5297","2"
"53","7"
"530","0"
"5301","4"
"5302","7"
"5304","1"
"5305","2"
"5309","4"
"531","4"
"5310","4"
"5311","5"
"5316","1"
"532","4"
"5321","4"
"5322","4"
"5327","7"
"5329","1"
"5330","1"
"5331","2"
"5335","3"
"5336","4"
"5337","4"
"5338","5"
"534","3"
"5340","7"
"5341","7"
"5343","1"
"5344","2"
"5346","3"
"5347","4"
"5348","6"
"5349","7"
"5350","7"
"5351","1"
"5356","7"
"5357","0"
"5358","3"
"5360","4"
"5363","5"
"5365","7"
"5366","7"
"5367","7"
"5368","0"
"537","2"
"5370","1"
"5371","5"
"5372","0"
"5373","3"
"5375","2"
"5377","5"
"5381","2"
"5386","4"
"5391","1"
"5392","2"
"5394","2"
"5398","4"
"5399","5"
"54","0"
"540","5"
"5401","0"
"5402","1"
"5403","1"
"5406","4"
"5407","4"
"5410","4"
"5411","4"
"5412","5"
"5413","7"
"5414","7"
"5416","7"
"542","7"
"5420","4"
"5422","6"
"5423","0"
"5429","2"
"543","7"
"5436","4"
"5437","5"
"544","0"
"5441","6"
"5443","7"
"5445","4"
"5447","0"
"5448","0"
"545","7"
"5451","3"
"5456","2"
"546","7"
"5460","4"
"5461","4"
"5462","5"
"5468","3"
"5469","6"
"547","3"
"5470","0"
"5471","0"
"5473","0"
"5474","1"
"5475","1"
"5480","4"
"5481","4"
"5484","7"
"5487","0"
"5488","0"
"5489","2"
"549","4"
"5491","7"
"5492","7"
"5493","7"
"5494","4"
"5495","6"
"5496","7"
"5497","7"
"5498","7"
"5499","7"
"550","5"
"5500","0"
"5501","1"
"5502","1"
"5503","3"
"5506","1"
"5507","1"
"5512","1"
"5513","1"
"5518","4"
"5519","4"
"5520","5"
"5521","5"
"5528","4"
"5530","5"
"5531","5"
"5534","0"
"5535","1"
"5536","0"
"5537","1"
"5538","2"
"5542","7"
"5543","7"
"5544","0"
"5545","1"
"5546","1"
"5548","7"
"555","2"
"5550","2"
"5554","4"
"5555","5"
"5560","4"
"5562","5"
"5563","7"
"5564","7"
"5566","7"
"5569","0"
"5570","0"
"5571","0"
"5574","3"
"5575","7"
"5577","0"
"5578","0"
"5580","1"
"5582","4"
"5583","6"
"5585","7"
"5586","7"
"5587","0"
"5590","4"
"5591","5"
"5593","6"
"5595","7"
"5596","0"
"5597","0"
"5598","0"
"5599","0"
"56","3"
"560","4"
"5601","5"
"5603","7"
"5607","2"
"561","4"
"5613","4"
"5614","4"
"5616","5"
"5621","0"
"5622","1"
"5623","3"
"5627","7"
"5628","7"
"5634","4"
"5635","4"
"5638","0"
"5639","2"
"5643","7"
"5644","0"
"5645","5"
"5646","6"
"5647","1"
"5648","3"
"565","6"
"5651","7"
"5652","7"
"5653","0"
"5655","3"
"5658","6"
"5660","1"
"5667","6"
"5671","1"
"5672","1"
"5674","2"
"5675","2"
"5678","4"
"5679","5"
"5680","5"
"5681","6"
"5686","1"
"569","1"
"5691","6"
"5692","0"
"5696","4"
"5699","6"
"570","1"
"5700","1"
"5701","3"
"5702","5"
"5709","6"
"571","2"
"5710","4"
"5711","4"
"5712","4"
"5713","1"
"5714","4"
"5715","4"
"5716","6"
"5717","7"
"5718","0"
"5719","0"
"5720","0"
"5721","3"
"5722","3"
"5723","5"
"5725","1"
"5728","4"
"5729","4"
"5732","6"
"5735","2"
"5736","2"
"5738","7"
"5739","7"
"5740","7"
"5741","7"
"5742","7"
"5745","7"
"5748","1"
"5749","3"
"5752","6"
"5755","1"
"5759","6"
"576","5"
"5761","1"
"5762","4"
"5763","4"
"5765","5"
"5766","7"
"5768","7"
"5769","0"
"577","5"
"5772","5"
"5774","7"
"5775","7"
"5776","7"
"5777","7"
"5779","0"
"5781","0"
"5782","0"
"5783","0"
"5785","1"
"5786","2"
"5787","3"
"579","6"
"5790","0"
"5791","4"
"5792","4"
"5793","5"
"58","6"
"5801","1"
"5802","2"
"5803","2"
"5804","2"
"5805","3"
"5807","5"
"5808","7"
"5809","7"
"5812","2"
"5814","5"
"5818","1"
"5819","2"
"582","1"
"5821","3"
"5822","4"
"5823","5"
"5827","7"
"5828","7"
"583","1"
"5830","1"
"5833","4"
"5834","5"
"5840","2"
"5842","2"
"5847","4"
"5848","4"
"5853","3"
"5854","3"
"5855","5"
"5857","1"
"5860","4"
"5861","5"
"5866","0"
"5867","3"
"5868","0"
"5869","2"
"5874","5"
"5878","1"
"5880","2"
"5884","4"
"5885","4"
"5886","5"
"5890","1"
"5891","2"
"5893","5"
"5895","7"
"5896","7"
"5897","7"
"5898","7"
"5899","7"
"590","6"
"5900","1"
"5901","2"
"5902","2"
"5903","7"
"5904","7"
"5907","7"
"591","0"
"5910","1"
"5911","1"
"5918","6"
"5919","0"
"592","1"
"5920","2"
"5924","7"
"5925","7"
"5928","0"
"5929","1"
"593","3"
"5931","3"
"5934","6"
"5940","2"
"5941","2"
"5942","4"
"5945","7"
"5946","7"
"5947","0"
"5955","0"
"5956","1"
"596","0"
"5960","1"
"5961","3"
"5964","0"
"5965","1"
"5966","1"
"5967","2"
"597","2"
"5975","6"
"5978","5"
"5979","7"
"598","0"
"5980","7"
"5981","7"
"5982","7"
"5983","0"
"5985","5"
"5988","7"
"5989","0"
"5990","0"
"5997","6"
"5998","1"
"5999","1"
"6","0"
"60","7"
"6000","6"
"6001","7"
"6002","7"
"6003","7"
"6004","0"
"6005","1"
"6006","3"
"6009","7"
"6011","7"
"6012","0"
"6013","1"
"6015","2"
"6016","3"
"6018","4"
"6019","4"
"6022","7"
"6023","7"
"6024","0"
"6025","1"
"6026","3"
"6030","7"
"6031","0"
"6032","0"
"6033","1"
"6037","6"
"6040","1"
"6041","1"
"6042","3"
"6045","6"
"6046","7"
"6048","1"
"605","4"
"6052","5"
"6053","6"
"6055","2"
"6061","0"
"6063","2"
"6067","6"
"6069","1"
"607","5"
"6075","4"
"6076","5"
"6077","5"
"6082","0"
"6083","1"
"6084","1"
"6086","2"
"6090","7"
"6091","0"
"6093","1"
"6096","4"
"61","7"
"610","4"
"6100","1"
"6104","4"
"6107","6"
"611","5"
"6116","2"
"6119","4"
"6120","4"
"6123","1"
"6124","1"
"6128","4"
"613","1"
"6130","5"
"6131","0"
"6133","3"
"6136","6"
"6137","0"
"6138","1"
"6139","3"
"6143","1"
"6144","2"
"6145","2"
"6148","4"
"6149","5"
"6150","5"
"6151","6"
"6152","7"
"6154","5"
"6156","7"
"6157","7"
"6159","0"
"6160","0"
"6161","0"
"6162","4"
"6164","5"
"6165","6"
"6167","7"
"6168","1"
"6169","3"
"6176","7"
"6177","7"
"6178","7"
"6179","7"
"618","1"
"6180","0"
"6181","1"
"6186","1"
"6187","1"
"6188","1"
"6190","0"
"6191","3"
"6193","7"
"6194","7"
"6195","7"
"6198","0"
"6199","5"
"62","7"
"6200","0"
"6201","2"
"6205","1"
"6210","6"
"6211","0"
"6212","1"
"6213","1"
"6221","0"
"6222","7"
"6225","0"
"6226","0"
"6227","1"
"6228","2"
"6229","2"
"623","7"
"6232","5"
"6233","7"
"6234","7"
"6235","7"
"6236","7"
"6239","7"
"624","7"
"6241","0"
"6242","0"
"6243","0"
"6245","6"
"6246","0"
"6247","7"
"6248","7"
"6249","0"
"625","7"
"6250","1"
"6251","1"
"6253","3"
"6254","5"
"6255","2"
"6256","2"
"6258","5"
"626","0"
"6260","7"
"6261","7"
"6262","7"
"6263","7"
"6264","0"
"6265","4"
"6267","7"
"6268","7"
"6269","7"
"627","1"
"6270","7"
"6271","7"
"6272","7"
"6273","7"
"6275","4"
"6276","5"
"6278","7"
"6279","7"
"6280","0"
"6281","1"
"6285","4"
"6288","7"
"6291","7"
"6300","4"
"6301","4"
"6302","5"
"6306","6"
"6307","7"
"6308","7"
"631","2"
"6310","4"
"6311","4"
"6317","0"
"6324","6"
"6328","1"
"6335","7"
"6336","7"
"6339","0"
"6340","4"
"6341","4"
"6345","7"
"6347","0"
"6349","4"
"635","4"
"6350","5"
"6351","0"
"6352","2"
"6353","2"
"6355","3"
"6357","5"
"6358","7"
"6359","7"
"6360","0"
"6363","7"
"6364","7"
"6366","7"
"6367","7"
"6368","7"
"6371","0"
"6372","1"
"6376","5"
"6378","7"
"6379","1"
"638","6"
"6380","2"
"6382","4"
"6383","7"
"6384","7"
"6385","7"
"6386","0"
"6387","1"
"6388","3"
"639","0"
"6391","0"
"6392","2"
"6393","4"
"6394","7"
"6395","7"
"64","2"
"640","1"
"6400","7"
"6401","7"
"6402","7"
"6403","7"
"6404","0"
"6405","1"
"6407","2"
"6409","3"
"6413","7"
"6414","7"
"6415","7"
"6416","7"
"6426","5"
"6433","4"
"6434","5"
"6435","7"
"6436","7"
"6437","0"
"6438","5"
"6439","7"
"6440","7"
"6442","0"
"6444","3"
"6447","6"
"6448","0"
"6449","1"
"645","3"
"6450","2"
"6451","2"
"6452","3"
"6458","7"
"6459","7"
"6460","7"
"6462","1"
"6465","7"
"6466","0"
"6467","1"
"6468","3"
"647","5"
"6472","7"
"6474","7"
"6475","1"
"6476","2"
"6478","3"
"6479","7"
"648","2"
"6480","7"
"6481","7"
"6482","7"
"6483","1"
"6485","0"
"6487","4"
"6488","0"
"6489","4"
"649","2"
"6491","3"
"6494","7"
"6495","7"
"6496","0"
"6497","1"
"650","4"
"6502","5"
"6504","7"
"6507","0"
"6508","1"
"6509","0"
"651","5"
"6510","0"
"6511","6"
"6512","0"
"6513","1"
"6514","3"
"6515","3"
"6516","5"
"6517","0"
"6518","5"
"6519","7"
"6521","7"
"6522","0"
"6523","3"
"6524","3"
"6525","4"
"6526","4"
"6529","7"
"653","1"
"6531","4"
"6532","5"
"6533","7"
"6534","7"
"6535","7"
"6536","4"
"6537","0"
"6538","1"
"6539","2"
"654","2"
"6540","2"
"6541","3"
"6543","4"
"6545","6"
"6546","7"
"6555","1"
"6556","2"
"6557","3"
"656","5"
"6560","4"
"6563","6"
"6566","7"
"6567","7"
"657","0"
"6570","3"
"6571","5"
"6572","6"
"6574","7"
"6576","7"
"6578","1"
"6579","1"
"6583","4"
"6584","5"
"6586","7"
"6588","2"
"6589","2"
"6591","5"
"6593","7"
"6594","7"
"6596","2"
"6597","6"
"6598","7"
"66","2"
"660","7"
"6600","1"
"6601","2"
"6603","3"
"6604","4"
"6605","6"
"6608","0"
"6615","7"
"6617","7"
"6618","0"
"6620","4"
"6621","5"
"6623","1"
"6624","1"
"6628","6"
"663","7"
"6631","0"
"6634","7"
"6636","7"
"6637","0"
"6638","0"
"6640","0"
"6641","1"
"6642","1"
"6646","4"
"6647","4"
"6648","5"
"6649","5"
"665","7"
"6652","6"
"6653","0"
"6658","4"
"6659","4"
"666","0"
"6661","6"
"6665","3"
"6666","3"
"6667","6"
"667","1"
"6671","4"
"6674","7"
"6678","7"
"6679","7"
"668","3"
"6682","0"
"6683","1"
"6684","1"
"6686","7"
"6687","7"
"6690","3"
"6692","5"
"6693","7"
"6695","0"
"6698","0"
"6700","2"
"6701","2"
"6706","4"
"6707","4"
"6717","1"
"6719","2"
"6722","4"
"6724","6"
"6725","0"
"6726","0"
"6727","0"
"6728","1"
"6738","7"
"674","4"
"6740","0"
"6742","5"
"6744","7"
"6747","1"
"675","5"
"6751","2"
"6758","6"
"676","6"
"6760","1"
"6764","6"
"6768","0"
"6769","1"
"677","7"
"6770","0"
"6771","5"
"6772","0"
"6775","5"
"6778","0"
"678","7"
"6780","7"
"6781","7"
"6782","7"
"6783","7"
"6784","0"
"6788","3"
"679","7"
"6793","4"
"6795","5"
"6798","6"
"6799","4"
"6800","5"
"6801","7"
"6802","7"
"6803","7"
"6804","7"
"6805","0"
"6806","1"
"6807","1"
"6809","7"
"681","7"
"6811","2"
"6816","6"
"682","0"
"6821","1"
"6826","6"
"6827","1"
"683","2"
"6831","5"
"6832","6"
"6833","0"
"6835","3"
"6838","5"
"6846","4"
"6850","0"
"6851","1"
"6853","2"
"6854","2"
"6855","4"
"6856","4"
"6857","6"
"6859","1"
"686","4"
"6860","2"
"6861","2"
"6864","4"
"6867","1"
"6868","1"
"687","5"
"6870","2"
"6871","2"
"6875","5"
"6876","6"
"6879","1"
"6880","2"
"6884","4"
"6885","5"
"6887","7"
"6890","4"
"6893","3"
"6894","4"
"6895","5"
"6898","1"
"6899","1"
"6900","0"
"6901","5"
"6905","1"
"6906","3"
"6909","4"
"691","7"
"6910","4"
"6911","5"
"6914","0"
"6915","1"
"6916","7"
"6917","7"
"6918","7"
"6919","7"
"692","1"
"6921","3"
"6922","7"
"6923","7"
"6924","7"
"6925","0"
"6926","2"
"6928","4"
"6929","5"
"693","1"
"6930","7"
"6931","7"
"6932","7"
"6933","7"
"6934","7"
"6937","1"
"6938","3"
"6941","0"
"6943","1"
"6947","6"
"6948","1"
"6952","0"
"6953","2"
"6958","7"
"6960","1"
"6961","1"
"6962","1"
"6963","1"
"6970","6"
"6971","0"
"6972","1"
"6976","6"
"6977","2"
"6978","3"
"698","4"
"6980","4"
"6981","4"
"6982","5"
"6984","6"
"6985","7"
"6986","7"
"6987","7"
"6988","0"
"699","4"
"6990","1"
"6995","0"
"6996","1"
"6999","3"
"70","5"
"7001","6"
"7003","2"
"7006","5"
"7010","1"
"7011","1"
"702","6"
"7021","1"
"7023","3"
"7025","4"
"7027","5"
"703","1"
"7031","0"
"7032","1"
"7033","3"
"7037","1"
"7047","0"
"7052","2"
"7059","5"
"7065","0"
"7076","6"
"7079","0"
"708","4"
"7080","3"
"7081","4"
"7083","7"
"7084","0"
"7089","7"
"7090","7"
"7091","7"
"7092","7"
"7093","0"
"7096","4"
"7098","6"
"710","5"
"7101","7"
"7103","0"
"7104","1"
"7105","3"
"7106","5"
"7108","1"
"7114","2"
"7117","3"
"7119","5"
"7123","2"
"7124","4"
"7125","4"
"7127","7"
"713","7"
"7130","7"
"7131","0"
"7133","7"
"7134","7"
"7135","2"
"7136","0"
"7139","2"
"714","1"
"7144","4"
"7146","6"
"7148","7"
"7149","0"
"7152","7"
"7153","7"
"7157","0"
"7158","2"
"7164","7"
"7165","0"
"7166","0"
"7167","0"
"7168","0"
"7170","4"
"7172","5"
"7173","7"
"7175","0"
"7177","0"
"7178","1"
"7179","1"
"718","4"
"7184","4"
"7187","3"
"7188","5"
"7189","0"
"7190","1"
"7191","3"
"7194","7"
"7195","7"
"7196","0"
"7197","1"
"7198","1"
"7199","2"
"72","0"
"720","5"
"7203","5"
"7204","6"
"7205","0"
"7210","7"
"7211","7"
"7213","1"
"7214","3"
"7217","6"
"7218","7"
"7219","7"
"722","7"
"7220","4"
"7221","4"
"7223","7"
"7224","7"
"7225","7"
"7226","7"
"7227","3"
"7228","5"
"7229","0"
"7232","2"
"7236","4"
"7237","4"
"7238","5"
"724","0"
"7244","2"
"7249","4"
"725","1"
"7252","0"
"7254","1"
"7255","1"
"7261","6"
"7262","0"
"7263","1"
"7264","1"
"727","2"
"7274","0"
"7275","4"
"7279","7"
"728","2"
"7280","7"
"7281","0"
"7282","1"
"7285","7"
"7286","7"
"7287","0"
"7288","5"
"7290","3"
"7291","4"
"7292","4"
"7294","7"
"7295","7"
"7297","0"
"7298","1"
"7299","1"
"73","2"
"7303","6"
"7304","0"
"7306","1"
"7311","6"
"7312","3"
"7314","4"
"7316","6"
"7318","7"
"7320","0"
"7321","3"
"7324","7"
"7325","7"
"7327","0"
"7328","0"
"7329","4"
"7330","6"
"7331","4"
"7332","5"
"7333","7"
"7338","1"
"734","4"
"7341","0"
"7344","2"
"7346","6"
"7348","0"
"7350","4"
"7351","4"
"7354","7"
"7355","7"
"7356","0"
"7357","5"
"7358","7"
"7359","7"
"7360","7"
"7364","0"
"737","6"
"7372","1"
"7373","1"
"7378","4"
"7384","3"
"7386","5"
"7388","4"
"7389","0"
"7390","5"
"7391","0"
"7392","1"
"7395","4"
"7396","4"
"7397","5"
"7399","7"
"74","3"
"740","0"
"7400","0"
"7401","6"
"7402","0"
"7407","6"
"7413","7"
"7414","7"
"742","1"
"7422","4"
"7423","5"
"7427","1"
"7429","3"
"743","1"
"7431","4"
"7432","4"
"7433","5"
"7436","6"
"744","0"
"7440","2"
"7441","2"
"7444","4"
"7446","5"
"7449","6"
"7450","7"
"7452","1"
"7456","7"
"7457","7"
"7458","2"
"7459","2"
"746","4"
"7461","5"
"7463","7"
"7464","0"
"7465","1"
"7471","0"
"7472","1"
"7475","4"
"7478","6"
"7481","1"
"7482","1"
"749","7"
"7490","0"
"7491","1"
"7492","3"
"75","3"
"750","7"
"7502","4"
"7503","5"
"7507","0"
"7508","1"
"751","7"
"7511","2"
"7512","3"
"7515","1"
"7516","1"
"752","1"
"7521","4"
"7522","4"
"7525","6"
"7526","5"
"7527","7"
"7528","7"
"7529","0"
"753","1"
"7530","0"
"7531","1"
"7532","4"
"7533","6"
"7534","7"
"7535","7"
"7539","2"
"7540","2"
"7542","5"
"7544","7"
"7545","7"
"7547","1"
"7549","2"
"7550","2"
"7554","6"
"7555","1"
"7556","1"
"7560","6"
"7561","2"
"7562","2"
"7567","5"
"7569","6"
"7571","7"
"7573","1"
"7585","7"
"7586","1"
"7595","0"
"7596","2"
"7597","3"
"76","5"
"760","6"
"7601","7"
"7602","7"
"7603","7"
"7604","7"
"7606","1"
"761","0"
"7610","6"
"7613","0"
"7614","7"
"7615","7"
"7616","3"
"7619","5"
"7620","2"
"7621","2"
"7623","7"
"7624","7"
"7625","0"
"7626","7"
"7627","0"
"7628","1"
"7631","6"
"7632","7"
"7635","1"
"7636","2"
"764","4"
"7640","7"
"7641","0"
"7642","1"
"7647","0"
"7648","1"
"7649","1"
"765","5"
"7650","3"
"7654","1"
"7655","2"
"7656","2"
"7669","0"
"7670","1"
"7671","1"
"7672","2"
"7676","7"
"7677","0"
"768","7"
"7680","2"
"7683","4"
"7685","6"
"7688","7"
"7689","0"
"769","7"
"7690","0"
"7691","1"
"7694","4"
"7696","5"
"7698","6"
"770","5"
"7702","2"
"7706","4"
"7707","5"
"7709","6"
"771","1"
"7714","2"
"7715","3"
"7716","7"
"7717","7"
"7723","3"
"7724","3"
"7725","5"
"7727","1"
"7730","2"
"7736","7"
"7737","0"
"7738","7"
"7739","7"
"7740","0"
"7744","3"
"7747","6"
"7748","0"
"775","4"
"7753","4"
"7755","7"
"7756","7"
"7757","1"
"7758","1"
"7762","4"
"7763","5"
"7769","3"
"7770","5"
"7771","2"
"7772","2"
"7774","5"
"7776","2"
"7777","2"
"7779","5"
"7780","7"
"7781","7"
"7787","7"
"7788","7"
"7790","7"
"7791","7"
"7792","7"
"7797","1"
"7799","3"
"780","0"
"7801","0"
"7802","1"
"7805","6"
"7806","7"
"7809","1"
"781","1"
"7810","3"
"7815","2"
"7816","7"
"7818","7"
"7819","7"
"7820","7"
"7821","0"
"7828","7"
"7829","7"
"7831","7"
"7832","7"
"7834","5"
"7835","7"
"7837","7"
"7838","7"
"7839","1"
"784","3"
"7840","1"
"7844","6"
"7845","3"
"7846","3"
"7850","5"
"7855","1"
"7857","6"
"7858","0"
"786","4"
"7865","6"
"7866","0"
"7867","1"
"7868","3"
"7869","7"
"7870","7"
"7873","2"
"7878","4"
"7879","5"
"7887","2"
"7891","4"
"7893","5"
"7896","6"
"790","6"
"7901","3"
"7902","5"
"7903","1"
"7904","3"
"7907","4"
"7910","3"
"7913","5"
"7915","4"
"7916","4"
"792","7"
"7921","0"
"7922","6"
"7923","0"
"7924","1"
"7925","7"
"7926","7"
"7927","0"
"7929","3"
"793","0"
"7934","4"
"7935","5"
"7936","7"
"7938","0"
"7939","0"
"7940","1"
"7943","4"
"7946","7"
"7948","1"
"795","1"
"7955","6"
"7957","1"
"7958","2"
"7964","4"
"7965","4"
"7967","5"
"797","4"
"7970","7"
"7973","1"
"7974","3"
"7977","6"
"7978","7"
"7979","0"
"798","5"
"7980","3"
"7983","4"
"7987","6"
"7989","1"
"7994","4"
"7999","0"
"80","0"
"800","7"
"8000","2"
"8009","6"
"801","7"
"8010","7"
"8013","0"
"8014","4"
"8015","7"
"8016","7"
"8017","0"
"8018","1"
"8019","2"
"802","4"
"8020","2"
"8021","3"
"8025","6"
"8028","2"
"8029","2"
"803","4"
"8031","5"
"8033","0"
"8034","1"
"8035","1"
"8037","7"
"8038","0"
"8046","7"
"8047","0"
"8048","0"
"8049","0"
"805","5"
"8051","4"
"8052","7"
"8053","7"
"8055","2"
"8056","2"
"8058","4"
"8059","7"
"806","0"
"8060","7"
"8062","2"
"8064","3"
"8067","5"
"807","1"
"8070","7"
"8072","4"
"8073","4"
"808","1"
"8082","4"
"8085","7"
"8086","7"
"8087","7"
"8088","7"
"8089","0"
"8092","2"
"8093","2"
"81","3"
"8100","5"
"8101","5"
"8106","4"
"8107","4"
"8108","5"
"8109","6"
"8112","1"
"8118","0"
"8121","0"
"8122","0"
"8123","4"
"8124","4"
"8125","5"
"8128","2"
"8129","2"
"813","4"
"8131","4"
"8133","5"
"8134","0"
"8139","1"
"814","4"
"8140","0"
"8141","1"
"8142","1"
"8147","4"
"8148","4"
"815","5"
"8152","7"
"8153","7"
"8157","4"
"8158","5"
"8159","5"
"8161","0"
"8164","1"
"8167","4"
"8173","7"
"8174","7"
"818","6"
"8180","2"
"8181","3"
"8183","5"
"8186","0"
"8187","0"
"8188","0"
"819","6"
"8191","1"
"8192","2"
"8193","2"
"8199","1"
"82","3"
"820","0"
"8200","1"
"8204","6"
"8205","0"
"8207","4"
"821","1"
"8211","6"
"8212","6"
"8213","7"
"8215","7"
"8216","7"
"8217","0"
"8218","0"
"822","3"
"8220","0"
"8221","0"
"8222","1"
"8223","0"
"8225","0"
"8226","1"
"8227","4"
"8228","4"
"8231","7"
"8233","7"
"8234","7"
"8235","0"
"8236","1"
"8239","4"
"8240","5"
"8241","7"
"8244","1"
"8248","6"
"8249","7"
"825","5"
"8250","7"
"8251","7"
"8252","7"
"8253","1"
"8254","1"
"8259","4"
"826","6"
"8261","5"
"827","0"
"8270","4"
"8271","4"
"8273","5"
"8274","0"
"828","2"
"8284","4"
"8285","5"
"829","4"
"8291","1"
"8292","3"
"8296","6"
"8299","0"
"83","6"
"8300","1"
"8301","1"
"8304","4"
"8305","4"
"8309","6"
"8311","7"
"8313","0"
"8315","0"
"8316","1"
"8317","3"
"8318","4"
"8322","3"
"8323","5"
"8326","3"
"8329","0"
"833","7"
"8330","1"
"8331","3"
"8336","4"
"8337","5"
"8338","1"
"8339","3"
"834","7"
"8340","5"
"8341","0"
"8343","0"
"8344","6"
"8347","3"
"835","3"
"8350","6"
"8352","7"
"8353","7"
"8354","7"
"8355","0"
"8356","0"
"8357","5"
"8359","1"
"836","5"
"8360","2"
"8362","4"
"8364","7"
"8365","7"
"8366","0"
"8367","0"
"8368","1"
"8369","1"
"837","0"
"8370","3"
"8373","6"
"8374","7"
"8376","0"
"8377","1"
"8381","4"
"8382","4"
"8383","5"
"8386","0"
"8387","5"
"8388","7"
"8389","7"
"839","3"
"8390","1"
"8398","6"
"8399","1"
"84","7"
"8401","3"
"8403","1"
"8407","4"
"8408","4"
"8409","5"
"8412","0"
"8413","4"
"8414","5"
"8415","6"
"8418","2"
"8419","2"
"842","7"
"8423","7"
"8424","7"
"8425","0"
"8426","0"
"8428","6"
"843","7"
"8431","4"
"8434","7"
"8435","3"
"8436","5"
"8437","7"
"8438","7"
"8439","7"
"8440","2"
"8442","6"
"8445","7"
"8446","0"
"8447","1"
"8451","7"
"8452","1"
"8453","2"
"8454","3"
"8455","4"
"8458","6"
"8459","7"
"846","7"
"8460","7"
"8465","2"
"8466","2"
"8467","2"
"8469","5"
"847","7"
"8470","5"
"8472","6"
"8473","7"
"8474","2"
"8475","2"
"8477","5"
"8479","7"
"8480","7"
"8484","0"
"8486","1"
"8487","0"
"8488","3"
"8489","6"
"849","2"
"8491","7"
"8492","7"
"8493","0"
"8494","4"
"8495","7"
"8496","7"
"8497","7"
"8498","7"
"8499","7"
"85","7"
"8500","7"
"8502","4"
"8503","5"
"8505","7"
"8508","1"
"851","7"
"8513","4"
"8514","5"
"8516","1"
"8517","3"
"8518","0"
"8520","2"
"8524","4"
"8526","5"
"853","7"
"8530","6"
"8531","0"
"8532","1"
"8533","7"
"8534","7"
"8536","7"
"8537","7"
"8539","1"
"8546","6"
"8548","1"
"8549","1"
"8556","6"
"8559","1"
"8560","2"
"8569","5"
"8571","7"
"8581","4"
"8582","6"
"859","6"
"8591","5"
"8593","1"
"8594","2"
"8596","2"
"86","0"
"860","0"
"8600","5"
"8601","5"
"8605","0"
"8606","6"
"8607","0"
"8608","1"
"8609","1"
"8611","5"
"8612","6"
"8615","4"
"8616","0"
"8617","1"
"8618","1"
"8623","0"
"8624","3"
"8632","2"
"8637","4"
"8638","4"
"8642","1"
"8643","1"
"8645","2"
"865","5"
"8650","4"
"8651","4"
"8653","5"
"8657","1"
"8659","4"
"866","7"
"8660","4"
"8661","5"
"8664","3"
"8667","7"
"8668","7"
"8669","1"
"867","7"
"8670","1"
"8672","0"
"8673","0"
"8677","3"
"8678","7"
"8679","7"
"8696","0"
"8699","3"
"87","1"
"8701","5"
"8702","7"
"8704","2"
"8705","2"
"8706","4"
"8707","4"
"8708","5"
"8709","5"
"871","0"
"8710","6"
"8711","7"
"8712","7"
"8715","3"
"8716","3"
"8717","5"
"8718","5"
"8719","5"
"872","1"
"8720","5"
"8721","7"
"8726","2"
"8728","2"
"873","3"
"8732","4"
"8733","5"
"8737","2"
"874","6"
"8740","4"
"8743","5"
"8746","7"
"8748","0"
"8749","0"
"875","7"
"8751","1"
"8752","5"
"8758","4"
"876","0"
"8760","5"
"8764","3"
"8767","5"
"8768","0"
"8769","1"
"877","1"
"8770","7"
"8771","7"
"8772","0"
"8775","3"
"8777","4"
"8779","6"
"8780","7"
"8781","7"
"8784","4"
"8785","4"
"8787","6"
"8790","7"
"8791","1"
"8793","3"
"8796","0"
"8797","0"
"88","1"
"8800","1"
"8801","1"
"8802","2"
"8803","2"
"8806","4"
"881","7"
"8810","7"
"8811","2"
"8815","4"
"8817","6"
"8818","7"
"882","7"
"8821","2"
"8824","4"
"883","3"
"8830","5"
"8831","5"
"8832","6"
"8835","7"
"8836","7"
"8837","1"
"8838","3"
"8839","3"
"884","3"
"8840","5"
"8844","3"
"885","5"
"8850","7"
"8852","7"
"8853","7"
"8855","7"
"8858","1"
"8859","1"
"8863","1"
"8864","5"
"8868","1"
"8873","4"
"8875","5"
"8880","2"
"8886","5"
"8888","6"
"889","2"
"8894","0"
"8895","1"
"8896","0"
"8897","1"
"89","2"
"8901","3"
"8902","4"
"8905","6"
"8906","7"
"8907","7"
"8908","7"
"8909","7"
"8913","2"
"8914","3"
"8915","4"
"8916","6"
"8917","7"
"8918","0"
"8919","1"
"8923","7"
"8924","7"
"8926","1"
"8927","1"
"8928","1"
"8929","1"
"8932","7"
"8933","7"
"8936","2"
"8937","2"
"8943","5"
"8947","1"
"895","4"
"8950","1"
"8951","2"
"8953","2"
"8956","4"
"8957","5"
"8959","7"
"896","5"
"8968","4"
"8971","0"
"8973","2"
"8978","4"
"8979","4"
"8981","7"
"8984","4"
"8985","6"
"8989","7"
"8990","7"
"8991","7"
"8992","7"
"8996","6"
"8997","0"
"8998","4"
"9","1"
"90","2"
"900","7"
"9004","0"
"9007","0"
"9008","0"
"9009","1"
"901","0"
"9012","4"
"9013","5"
"9015","7"
"9016","5"
"9017","5"
"9018","6"
"9019","1"
"9020","3"
"9022","4"
"9023","4"
"9026","6"
"9028","0"
"9029","1"
"903","0"
"9030","3"
"9033","7"
"9034","7"
"9035","0"
"9038","0"
"904","1"
"9040","2"
"9041","3"
"9042","3"
"9044","7"
"9045","7"
"9046","0"
"9047","1"
"9050","4"
"9051","4"
"9052","5"
"9056","7"
"9057","0"
"9065","4"
"9068","5"
"9071","6"
"9073","0"
"9074","6"
"9075","0"
"9076","1"
"9077","1"
"9078","2"
"9079","2"
"9080","2"
"9083","4"
"9084","5"
"9085","5"
"9088","1"
"9089","3"
"9090","5"
"9091","3"
"9095","2"
"910","0"
"9104","5"
"9109","0"
"9112","1"
"9117","6"
"9118","1"
"912","1"
"9123","3"
"9125","3"
"913","0"
"9130","3"
"9135","1"
"9136","3"
"9139","6"
"914","6"
"9141","1"
"9145","7"
"9146","7"
"9148","1"
"915","0"
"9151","2"
"9154","4"
"9156","5"
"916","0"
"9160","7"
"9161","7"
"9162","1"
"9164","3"
"9165","3"
"9167","5"
"9169","6"
"917","3"
"9170","7"
"9171","0"
"9172","0"
"9173","0"
"9174","4"
"9175","4"
"9176","5"
"9177","6"
"918","3"
"9180","2"
"9181","2"
"9186","4"
"9187","4"
"919","6"
"9190","5"
"9194","6"
"9198","0"
"9199","1"
"9201","2"
"9202","2"
"9205","4"
"9207","6"
"9208","0"
"9209","0"
"9210","0"
"9212","4"
"9214","5"
"9216","7"
"922","0"
"9223","4"
"9224","5"
"9234","0"
"9235","1"
"9239","4"
"9241","6"
"9242","7"
"9243","7"
"9246","1"
"9247","2"
"925","3"
"9251","4"
"9252","5"
"9258","1"
"9259","1"
"9264","4"
"9268","0"
"9270","3"
"9273","6"
"9274","3"
"9276","5"
"9277","0"
"9279","3"
"928","1"
"9283","1"
"9284","3"
"9285","4"
"9286","5"
"9289","1"
"9290","1"
"9292","3"
"9293","3"
"9294","3"
"9295","5"
"9297","2"
"93","4"
"930","4"
"9301","4"
"9302","4"
"9303","5"
"9304","5"
"9306","6"
"9309","0"
"931","4"
"9312","3"
"9313","3"
"9315","6"
"9316","7"
"9318","7"
"9319","0"
"9320","7"
"933","6"
"9330","2"
"9331","2"
"9335","4"
"9336","4"
"9340","6"
"9344","7"
"9346","7"
"9347","0"
"9350","2"
"9358","4"
"936","0"
"9364","0"
"9365","1"
"9366","1"
"937","3"
"9371","4"
"9372","4"
"9377","7"
"9378","0"
"9379","1"
"9381","2"
"9386","5"
"9390","5"
"9391","0"
"9396","5"
"9397","0"
"9398","7"
"940","7"
"9400","0"
"9402","1"
"9403","3"
"9404","3"
"9406","0"
"9407","1"
"9409","1"
"9410","1"
"9415","4"
"942","1"
"9420","5"
"9421","6"
"9423","4"
"9425","1"
"9426","1"
"9430","6"
"9431","0"
"9433","0"
"9434","0"
"9435","1"
"9437","4"
"9438","6"
"944","4"
"9440","1"
"9441","2"
"9443","2"
"9446","4"
"9447","4"
"9448","5"
"9450","7"
"9451","7"
"9452","0"
"9453","1"
"9454","1"
"946","6"
"9467","5"
"9468","7"
"9470","0"
"9471","0"
"9476","1"
"9477","3"
"9478","3"
"9479","5"
"948","3"
"9481","0"
"9482","4"
"9483","4"
"9487","0"
"9488","2"
"9489","2"
"9490","3"
"9493","5"
"9497","3"
"9498","3"
"9499","5"
"9500","5"
"9504","2"
"9505","6"
"9506","7"
"951","1"
"9511","3"
"9512","4"
"9513","4"
"9516","1"
"9518","2"
"952","1"
"9521","4"
"9522","5"
"9523","2"
"9524","4"
"9525","4"
"9528","3"
"9531","7"
"9532","7"
"9535","7"
"9536","7"
"9537","0"
"9538","0"
"9539","3"
"9540","5"
"9543","3"
"9544","3"
"9545","5"
"9548","0"
"9549","1"
"9552","4"
"9553","4"
"9557","1"
"9558","2"
"9559","2"
"9560","3"
"9561","3"
"9562","5"
"9563","6"
"9575","3"
"9578","6"
"9579","7"
"9586","4"
"959","6"
"9590","5"
"9593","1"
"9594","1"
"9595","3"
"9597","5"
"9599","0"
"960","5"
"9600","1"
"9604","3"
"9607","0"
"9608","4"
"9609","0"
"961","7"
"9610","1"
"9612","2"
"962","0"
"9622","5"
"9624","0"
"9625","4"
"9628","7"
"9629","7"
"963","1"
"9630","7"
"9633","0"
"9636","7"
"9638","1"
"9639","1"
"964","3"
"9640","3"
"9641","3"
"9642","5"
"9644","6"
"9649","7"
"9650","7"
"9651","7"
"9653","7"
"9655","1"
"9662","6"
"9663","4"
"9665","7"
"9666","7"
"967","4"
"9671","1"
"9672","3"
"9675","7"
"9676","7"
"9679","1"
"968","4"
"9688","1"
"9689","2"
"9696","4"
"9697","4"
"9699","7"
"9703","2"
"9704","3"
"9705","3"
"9706","5"
"9707","5"
"9709","0"
"971","6"
"9710","0"
"9711","0"
"9712","1"
"9713","1"
"9714","3"
"9717","0"
"9718","1"
"9721","4"
"9724","6"
"9725","7"
"9726","5"
"9727","7"
"9728","7"
"9729","7"
"973","1"
"9730","7"
"9731","7"
"9733","1"
"9734","3"
"9737","2"
"974","2"
"9740","4"
"9743","0"
"9745","1"
"9747","2"
"9750","4"
"9751","5"
"9755","3"
"9756","3"
"9757","5"
"9758","3"
"9759","3"
"9760","1"
"9761","1"
"9763","3"
"9766","3"
"9768","4"
"9774","0"
"9780","6"
"9781","7"
"9786","4"
"9788","5"
"9789","5"
"9792","3"
"9795","7"
"9796","7"
"9797","7"
"9798","7"
"9799","7"
"98","0"
"980","4"
"9806","5"
"981","4"
"9828","5"
"9829","5"
"9830","0"
"9831","1"
"9832","1"
"9835","3"
"9837","4"
"9840","6"
"9841","1"
"9842","1"
"9847","4"
"9848","4"
"9849","5"
"985","0"
"9852","0"
"9853","6"
"9854","0"
"9855","0"
"9856","0"
"9857","1"
"9858","0"
"986","1"
"9862","7"
"9864","7"
"9867","1"
"987","1"
"9870","4"
"9871","4"
"9872","5"
"9874","7"
"9875","7"
"9878","0"
"9879","1"
"9881","4"
"9882","4"
"9885","6"
"9886","6"
"9887","0"
"9888","0"
"9890","1"
"9894","5"
"9895","0"
"9897","2"
"9901","4"
"9902","5"
"9903","5"
"9906","7"
"9908","1"
"9909","3"
"9910","3"
"9913","0"
"9914","0"
"9915","1"
"9919","4"
"992","1"
"9921","5"
"9925","0"
"9926","0"
"9927","4"
"993","2"
"9933","4"
"9934","4"
"9937","5"
"9938","1"
"9939","3"
"994","2"
"9940","6"
"9943","7"
"9944","7"
"9947","1"
"9948","0"
"9951","7"
"9952","7"
"9953","7"
"9954","7"
"9958","2"
"996","4"
"9967","5"
"997","5"
"9970","7"
"9974","4"
"9975","5"
"9977","7"
"9978","7"
"9979","7"
"998","5"
"9980","0"
"9985","4"
"9988","5"
"9990","7"
"9992","0"
"9993","1"
"9994","3"
"9998","7"
"9999","7"
